time,open,high,low,close
2025-01-01 00:00:00,100.26843118070313,100.73573429324088,100.30740221883501,100.32524485676994
2025-01-01 01:00:00,99.24511678210706,99.57383915564483,99.08987415371887,99.30714436293626
2025-01-01 02:00:00,100.2078267801074,100.29121885127789,99.9507769993593,100.07521243970147
2025-01-01 03:00:00,101.07450420107835,101.49657527838862,100.84897826611929,101.0411313313059
2025-01-01 04:00:00,99.08772478758955,99.99014133325777,99.10781946782346,99.10870945150698
2025-01-01 05:00:00,97.89486757778451,98.00560653880434,97.74620521305147,97.84606984052277
2025-01-01 06:00:00,97.78434731431324,98.70236829605714,97.7938479783463,97.99083284739774
2025-01-01 07:00:00,97.69675762817786,97.82843766965999,97.59110469619134,97.70097182180395
2025-01-01 08:00:00,97.89926249132725,97.86811468702938,97.48243153980027,97.70409717199657
2025-01-01 09:00:00,96.90638340086329,97.02874970810078,96.78343765127454,96.89355987672069
2025-01-01 10:00:00,97.77558910766069,98.22678908272641,97.40677017416775,97.76894930846679
2025-01-01 11:00:00,98.60608093370925,98.63996724299334,98.12563541925317,98.55206175179084
2025-01-01 12:00:00,98.72522296884344,98.66631970269074,98.48870755651494,98.63688325901248
2025-01-01 13:00:00,99.57570498732095,99.80077430924314,99.27959080638375,99.77500223106051
2025-01-01 14:00:00,100.09392783939532,100.50046710928383,99.9482658648999,100.26260227032797
2025-01-01 15:00:00,99.44553538917245,99.52742592540321,99.12007615240526,99.42462725594103
2025-01-01 16:00:00,99.7405403533126,100.01201419270194,99.79627098341864,99.81189353660052
2025-01-01 17:00:00,99.00889447008583,99.08335953525253,98.79792818503945,98.8791625109643
2025-01-01 18:00:00,99.74010001426154,100.04027474270517,99.6707267123211,99.77154545022672
2025-01-01 19:00:00,99.54873900394254,100.22911115724814,99.5562620050579,99.74169237347107
2025-01-01 20:00:00,99.45112581647071,99.86720620959973,99.47585962894655,99.57739133448585
2025-01-01 21:00:00,98.64942319061123,99.18486141877999,98.82763334367414,98.92142506092895
2025-01-01 22:00:00,100.1347830703809,100.55960206548215,100.03508958846591,100.15823267041817
2025-01-01 23:00:00,100.00473805722575,100.08099764442753,99.83869692476851,100.02358091222176
2025-01-02 00:00:00,99.57370625062269,100.03551869472822,98.98603194944201,99.61598952347343
2025-01-02 01:00:00,99.39279747752248,99.41749261579241,99.17712973889489,99.28568023823763
2025-01-02 02:00:00,99.95521619470203,100.27135716954773,99.1825738075192,99.83556129410127
2025-01-02 03:00:00,100.20403758949345,100.26064707226175,100.21027220899828,100.22111410711317
2025-01-02 04:00:00,100.44087408663974,100.73371990681288,100.6543442585931,100.65574326438139
2025-01-02 05:00:00,101.17295857306725,101.58517337144875,100.79340188207797,101.11054489610933
2025-01-02 06:00:00,103.37737258357917,103.43212713812606,102.95187363818187,103.31999276878558
2025-01-02 07:00:00,102.95336222893808,103.2121043260517,102.85890943046361,102.9215191785165
2025-01-02 08:00:00,102.51665971719169,102.55396099409191,102.26240519845219,102.4161403494364
2025-01-02 09:00:00,101.48805293357066,101.74428701351795,101.45852049885903,101.6064069311445
2025-01-02 10:00:00,102.46006657357394,102.73498046453754,102.09271585191928,102.254661970578
2025-01-02 11:00:00,103.33707546744974,103.63412806241215,103.43588298667598,103.4363151388767
2025-01-02 12:00:00,103.41660906997949,103.50621354987676,103.03346541348023,103.33918498331174
2025-01-02 13:00:00,102.32216318731273,102.84804361972952,102.3236015684467,102.495108071606
2025-01-02 14:00:00,101.57927839112861,102.40416307001904,101.42811261822561,101.67386199456053
2025-01-02 15:00:00,102.5131832263944,102.59950463865938,102.14995852015045,102.35797080871762
2025-01-02 16:00:00,103.11530157293544,103.66404952113001,102.84677333940745,103.14221135762256
2025-01-02 17:00:00,103.81182045798388,103.98180094790315,103.42164910988562,103.72469973796336
2025-01-02 18:00:00,103.08172308808048,103.13387444428083,102.84132601398173,103.05730310476294
2025-01-02 19:00:00,103.30665767154838,103.37305342753913,103.28590950188648,103.31750168600789
2025-01-02 20:00:00,103.5999209506328,103.53746103909296,103.22221135416571,103.45881860725814
2025-01-02 21:00:00,103.68151500448577,103.75558326476373,103.43874335078998,103.70605795827146
2025-01-02 22:00:00,104.44832943089162,104.69850072681656,104.46588193392651,104.63465635082736
2025-01-02 23:00:00,104.80560067840888,105.20720800288412,104.7191144535814,104.88985241310598
2025-01-03 00:00:00,105.68372953456378,105.84949368796686,105.3226944413589,105.6255096273173
2025-01-03 01:00:00,105.75986843934534,105.92822325996683,105.57929715231433,105.71805598549614
2025-01-03 02:00:00,105.87917736772519,106.16785107494513,105.65030939503418,106.0453566187137
2025-01-03 03:00:00,106.66095645919698,106.91648178089254,106.6729257437843,106.73827152771264
2025-01-03 04:00:00,105.15404062599067,105.30880966032707,105.1806367345848,105.21524658118852
2025-01-03 05:00:00,104.86208081833547,105.54085885661092,104.13093320358057,104.90041873179179
2025-01-03 06:00:00,104.28535288011342,104.45632369438593,103.99754296517064,104.42903821283505
2025-01-03 07:00:00,103.71953044049502,103.8803574374453,103.32642780351817,103.78474577620432
2025-01-03 08:00:00,103.44485859425066,103.75430072764242,103.4737493710125,103.52028455901741
2025-01-03 09:00:00,105.18158405557026,105.42596948223049,104.9708524106616,105.10049552765321
2025-01-03 10:00:00,104.29959465736293,104.60435075697112,104.17827088006695,104.21527185997039
2025-01-03 11:00:00,105.23496836645305,105.53095355455952,105.10989205002907,105.25031496309181
2025-01-03 12:00:00,103.47402869165984,103.53655989498324,103.46688457727419,103.51461053844497
2025-01-03 13:00:00,103.20360984861792,103.29265808654378,102.73904447561777,103.1891711748314
2025-01-03 14:00:00,103.29350913195783,103.39378585182628,103.23635785305167,103.37792497215051
2025-01-03 15:00:00,103.88725045770849,104.24539048123209,103.65324911948903,104.00652848132574
2025-01-03 16:00:00,104.6713324017991,105.05277580283595,104.56730850793272,104.76983922669578
2025-01-03 17:00:00,105.55840424061127,105.85975907449672,105.60636428458227,105.62545667095648
2025-01-03 18:00:00,105.15632024624294,105.32923213380899,104.94024455900933,105.27880938263297
2025-01-03 19:00:00,104.83112131959155,105.0194397102177,104.6710564338461,104.81413518705958
2025-01-03 20:00:00,105.81558860728646,105.91239933919442,105.28001357001669,105.73842961787301
2025-01-03 21:00:00,105.3899201221375,105.6169762097261,105.53295360865118,105.55745017194198
2025-01-03 22:00:00,104.24288628296014,104.69312637530052,104.17869660607607,104.24026685939715
2025-01-03 23:00:00,103.06353685691266,103.10723268498553,102.74150429200252,103.08620920431501
2025-01-04 00:00:00,102.19804498137877,102.24346659262534,102.09287959350122,102.16315537647587
2025-01-04 01:00:00,102.6915429534589,102.97004839647155,102.20216582316753,102.69287167271138
2025-01-04 02:00:00,102.71028992038366,102.91838862573515,102.5781115013653,102.85980686157154
2025-01-04 03:00:00,103.46243804751693,104.04534221788207,103.52273252550874,103.5932130110563
2025-01-04 04:00:00,103.17522051036791,103.58575653356594,102.76392839555419,103.17218481578972
2025-01-04 05:00:00,103.4628839010432,103.74350407675702,102.48550160087885,103.35655265174441
2025-01-04 06:00:00,103.7956381613429,104.10477623573163,103.84291090351523,104.0259711529302
2025-01-04 07:00:00,103.7612712768585,103.8385089967272,103.2787793509552,103.72541064539756
2025-01-04 08:00:00,104.34511225727972,104.97462287007474,104.14491603363578,104.22112850938905
2025-01-04 09:00:00,103.53840229676364,103.91348291626696,103.50726176710346,103.55424877641752
2025-01-04 10:00:00,103.25639127381274,103.29056420095507,103.06567985359169,103.19961059047691
2025-01-04 11:00:00,102.75467841943298,103.15770546411989,102.80787283098512,102.82697288475056
2025-01-04 12:00:00,101.61284262773574,101.84277478477568,101.59131632656495,101.62497321453998
2025-01-04 13:00:00,101.97592953498418,102.75351260345684,102.01636878471841,102.14149206024479
2025-01-04 14:00:00,101.44511467589103,102.04242259189473,101.25700166587369,101.68349569860871
2025-01-04 15:00:00,101.81243710065213,101.97209386833131,101.24550556895767,101.71654222322519
2025-01-04 16:00:00,102.12646856237659,102.29936945355055,102.02682368709235,102.2271617982235
2025-01-04 17:00:00,102.65841252703909,103.2016076115602,102.61994199208627,102.70519760437446
2025-01-04 18:00:00,103.26816742728592,103.79076439403958,103.22661414192059,103.41154155797771
2025-01-04 19:00:00,103.18471760282061,103.40760936495295,103.3277736811237,103.33041035082249
2025-01-04 20:00:00,102.89662933021148,103.47683404330962,102.66908954049534,102.9145197536318
2025-01-04 21:00:00,102.7780401299703,103.3627449354483,102.79742643018649,102.85307939104062
2025-01-04 22:00:00,101.19062472446728,101.54114169787024,100.95330747541313,101.15239205389312
2025-01-04 23:00:00,99.76421214294504,99.84581041581407,99.35223098968059,99.71908542568441
2025-01-05 00:00:00,98.46005069919812,98.58219212229126,97.96215952090162,98.42846995942338
2025-01-05 01:00:00,97.4945223227931,97.70888142956854,97.32665041240949,97.47126560172772
2025-01-05 02:00:00,98.0357188076847,97.95224672022638,97.59537452218089,97.88128482862422
2025-01-05 03:00:00,96.9148163242298,97.53500445322591,96.65691366807721,97.01839255560492
2025-01-05 04:00:00,96.66621990107008,96.82100707617776,96.34378524693328,96.67153053866585
2025-01-05 05:00:00,98.06625098784433,98.12501700039765,97.77483521519063,97.95529801891234
2025-01-05 06:00:00,97.74991537960852,97.999722152478,97.45121931366023,97.62646283091397
2025-01-05 07:00:00,98.22894942738742,98.55401173189867,98.21545144952633,98.36880662087037
2025-01-05 08:00:00,97.44373815455877,97.66034541373816,97.15329846093077,97.47418474658534
2025-01-05 09:00:00,97.42573497656177,97.45154441297471,97.08907085553828,97.29359848796243
2025-01-05 10:00:00,96.44191645076766,96.61356339413113,96.00086852221206,96.39294121144945
2025-01-05 11:00:00,96.10466790397146,96.21507397862953,95.85685645333784,96.0859058787071
2025-01-05 12:00:00,96.89500961538018,97.40619135711137,96.53709741449731,96.91610676837092
2025-01-05 13:00:00,95.2389166660879,95.42926795903364,95.03532633814342,95.27548348484665
2025-01-05 14:00:00,95.7370083037279,96.00640210405808,95.28234892715925,95.70942302349515
2025-01-05 15:00:00,95.93220152510995,96.02414720129003,95.87821173972753,95.95641844225095
2025-01-05 16:00:00,95.40300097741381,95.81456624271624,95.07726524426892,95.4070632786061
2025-01-05 17:00:00,94.06355128634344,94.18209663405574,93.98831479655719,94.05615859397581
2025-01-05 18:00:00,94.07901641128296,94.37065856264644,94.11403544688845,94.14285199883456
2025-01-05 19:00:00,93.71426244226004,94.02483254768329,93.64222555552712,93.66442085263677
2025-01-05 20:00:00,94.17503943305242,94.10247392053087,93.58202530524456,93.90138781613048
2025-01-05 21:00:00,93.77376442534668,94.00879655014661,93.83888180137268,93.94069578664856
2025-01-05 22:00:00,95.5075628255176,95.65248850506936,95.37579401045626,95.47662720253656
2025-01-05 23:00:00,95.19500203088518,95.68217359134606,94.98487149827227,95.26742338190837
2025-01-06 00:00:00,94.3706563370014,94.44087990424158,94.1887812806499,94.31619792121988
2025-01-06 01:00:00,94.50873439946626,94.51343745951712,94.50345320203283,94.50433451643264
2025-01-06 02:00:00,94.8035857484396,94.8078378218661,94.51832153460984,94.73141416830369
2025-01-06 03:00:00,96.15989320105157,96.22554047553287,95.97903723273629,96.04698933343624
2025-01-06 04:00:00,96.89045970617032,97.00873901233162,96.8182952033471,96.87181952237758
2025-01-06 05:00:00,97.34766822007322,97.39320504573423,97.15878248232858,97.23759018358601
2025-01-06 06:00:00,98.45930797723304,98.81254288642855,98.16622375009595,98.69066830307253
2025-01-06 07:00:00,97.69906161336267,97.94267518222448,97.51511422971927,97.54392265742443
2025-01-06 08:00:00,96.97762112793598,97.24388930540941,96.87033133930726,96.9412621295545
2025-01-06 09:00:00,96.16993218016998,96.7617489343642,95.4619040521268,96.06638766251749
2025-01-06 10:00:00,95.59502435301079,96.17433777875127,95.45502229866888,95.71178083294448
2025-01-06 11:00:00,94.34359801614796,95.14417924939467,94.34752121496055,94.42204100397377
2025-01-06 12:00:00,95.05654910307918,95.15823236646726,94.84712290998577,95.04267873667341
2025-01-06 13:00:00,94.84905901595876,95.40180625823379,94.45750737731528,94.8506750712642
2025-01-06 14:00:00,93.51097220477628,93.5715860034527,93.43825229544112,93.48450967662131
2025-01-06 15:00:00,92.65879610983309,92.63789213319177,92.20064603237404,92.55841510537965
2025-01-06 16:00:00,92.70369376068797,92.92053890846603,92.85043449144109,92.86762557999572
2025-01-06 17:00:00,93.75919211030909,93.98084286310056,93.65751528011896,93.66797644843444
2025-01-06 18:00:00,95.57697605393074,95.74236122862467,95.5507240235679,95.57618450057659
2025-01-06 19:00:00,98.40174079940962,98.5766662522928,98.42067647473058,98.42179737645422
2025-01-06 20:00:00,98.70486080713681,99.29344820755055,98.34057085448282,98.85028096138232
2025-01-06 21:00:00,97.94576752539437,98.10186759314767,97.21527535160752,97.8965208109617
2025-01-06 22:00:00,95.61918897368881,96.44083577206256,95.27503464049077,95.85058261771212
2025-01-06 23:00:00,96.18908083764639,96.17634279191023,95.9701130821347,96.12675282679366
2025-01-07 00:00:00,95.22523987940387,95.4640479508552,95.36338187486245,95.3675383398755
2025-01-07 01:00:00,94.99631823776309,95.03170738869353,94.7945785788083,94.99124020434482
2025-01-07 02:00:00,94.41920875677857,94.60475886725673,94.29644039721272,94.43046192513452
2025-01-07 03:00:00,94.42677410102618,94.80615989064451,94.20774524314933,94.31646739449033
2025-01-07 04:00:00,95.32927328231771,95.39332953247573,95.05482123331174,95.34630739297987
2025-01-07 05:00:00,95.44896536032027,95.62715199397202,95.22006802528188,95.51526618976068
2025-01-07 06:00:00,95.33461924726791,95.91169345188302,95.33027257056858,95.38294050207593
2025-01-07 07:00:00,94.53926752373472,94.46841878929591,94.14640336381545,94.41908309981535
2025-01-07 08:00:00,92.91940717849783,93.33428966602605,92.79364012179684,92.86960149268828
2025-01-07 09:00:00,92.40190462954224,92.74363258293818,92.28184497243818,92.4375513207501
2025-01-07 10:00:00,92.384479686539,92.5691282232053,92.21288075530563,92.40632883217343
2025-01-07 11:00:00,93.92591778655097,94.16348853730983,94.04213014128592,94.07334738140179
2025-01-07 12:00:00,94.25142195514427,94.46045332260009,94.21444322721747,94.21482192748762
2025-01-07 13:00:00,94.99683199420136,95.21494896369086,94.74378582760967,95.16430363054229
2025-01-07 14:00:00,94.78047874457015,95.0537869909712,94.01291566577548,94.70927664510653
2025-01-07 15:00:00,93.62440898955782,93.70330114259184,93.21423009914452,93.61236841765508
2025-01-07 16:00:00,92.95313634703486,93.20248620931986,92.40155253733353,92.73179003393565
2025-01-07 17:00:00,91.97882123247604,92.08497340991876,91.97977459424014,92.08012184831263
2025-01-07 18:00:00,94.0701817132741,94.33453960789575,94.00797965865362,94.07984014638829
2025-01-07 19:00:00,93.49674201702021,93.42476070615302,92.90687860821149,93.32890978641075
2025-01-07 20:00:00,94.24572722036655,94.15661789729764,93.85536810157824,94.13357745138741
2025-01-07 21:00:00,93.24114404331566,93.7835481716766,93.06513952619865,93.3061048780177
2025-01-07 22:00:00,94.21931574830626,94.65479482696715,93.5037635014752,94.19821841557035
2025-01-07 23:00:00,94.58063751082021,94.71723070319786,94.06921972677854,94.58044841079393
2025-01-08 00:00:00,94.47793502406242,94.59941831205501,94.33463311656611,94.45130392473781
2025-01-08 01:00:00,94.3657179055781,95.15827495379087,94.32869412408976,94.43169548374946
2025-01-08 02:00:00,93.82577196462597,94.05508879585304,93.51064951695454,93.83415326898303
2025-01-08 03:00:00,94.12185649946088,94.34953984678143,93.73285618211663,94.27250890624178
2025-01-08 04:00:00,93.8760127793789,94.06434964606937,93.83041735187724,93.8633296422738
2025-01-08 05:00:00,92.7802362906468,93.10486463117655,92.46088415292971,92.73850204750325
2025-01-08 06:00:00,91.55838952469297,91.80884431295783,91.55590478069442,91.57921641630075
2025-01-08 07:00:00,91.6075666486429,91.85192165783816,91.3152725690261,91.75575686548478
2025-01-08 08:00:00,93.32697491271603,93.9012337415905,93.02168170295208,93.23480933296351
2025-01-08 09:00:00,93.43682293787388,93.52051563145893,93.36112873811082,93.4027752876635
2025-01-08 10:00:00,93.24294480729417,93.41922031946848,93.20817596633269,93.31068977684905
2025-01-08 11:00:00,93.57023184977554,93.64336667567554,93.4792733317317,93.59649506811412
2025-01-08 12:00:00,94.70351889190526,95.07825456571163,94.47012245377569,94.84585115871995
2025-01-08 13:00:00,94.97567851004972,95.251453989001,94.82939446014275,95.073167498883
2025-01-08 14:00:00,94.6512941940034,95.05784956016426,94.47488063861896,94.7022261257391
2025-01-08 15:00:00,95.89252768480627,95.92466474744397,95.59304016946187,95.77487583403818
2025-01-08 16:00:00,96.14411373693508,96.3313035289924,96.20256706638175,96.20563756838256
2025-01-08 17:00:00,97.77662372623271,97.85451120293858,97.31058859042331,97.7140658465692
2025-01-08 18:00:00,97.86014833832506,98.14514538153848,97.81997695405933,97.91285641540193
2025-01-08 19:00:00,96.76458688072532,97.17546121326669,96.63456376166064,96.74060028484934
2025-01-08 20:00:00,95.43163955783189,95.57651734916591,95.26962138003331,95.44513507063238
2025-01-08 21:00:00,97.13808622792794,97.1770303012392,97.01230311278798,97.05335315739275
2025-01-08 22:00:00,98.70766101712913,98.8535344926396,98.3066415892133,98.76047924119521
2025-01-08 23:00:00,98.44800678778803,98.6757613996438,98.30503194597792,98.60306288971888
2025-01-09 00:00:00,98.10982818267136,98.52620383561667,98.16995318059125,98.245598592482
2025-01-09 01:00:00,99.65885220078586,100.38547359549476,99.48749852575534,99.71188670920506
2025-01-09 02:00:00,98.51064339486338,98.87846626724854,98.06163053096297,98.6338429798837
2025-01-09 03:00:00,97.8149370077373,98.00433046705187,97.1997704607823,97.77482859821531
2025-01-09 04:00:00,98.37970756869785,99.1106980144913,98.0629513620852,98.42555105698881
2025-01-09 05:00:00,98.29038169859706,98.34100966446098,97.78497298180423,98.05753363694333
2025-01-09 06:00:00,97.90170249184263,98.34137776465158,97.6352364353459,98.0721238528378
2025-01-09 07:00:00,97.95148931570608,97.99063067335359,97.62062990139918,97.93154720345306
2025-01-09 08:00:00,98.17149443616101,98.61050703023749,97.892404951779,98.28235231260926
2025-01-09 09:00:00,99.6461865693841,99.7686706433158,99.5499624811376,99.69537640173067
2025-01-09 10:00:00,99.81979988970106,100.11432863191517,99.67986237791673,99.80568542223226
2025-01-09 11:00:00,100.23690743809485,100.48770551324955,100.43967519608988,100.4705387529291
2025-01-09 12:00:00,98.47469531850948,98.76125723159318,98.25923280305192,98.45137946061939
2025-01-09 13:00:00,98.61039992745117,98.71128056256747,98.2240355956813,98.4231098572436
2025-01-09 14:00:00,97.57192407997455,97.8828475421329,97.40758011344471,97.61618699770003
2025-01-09 15:00:00,96.47799715225038,96.61455898545093,96.19844405832417,96.4529379211665
2025-01-09 16:00:00,95.7267781310068,95.69232181031359,94.97419692363437,95.62876613410914
2025-01-09 17:00:00,95.31321557362558,95.51401697472888,95.24376091099234,95.32884507142857
2025-01-09 18:00:00,96.16931518173554,96.22915769919882,95.96923245213422,96.22521820264403
2025-01-09 19:00:00,94.76017345848278,95.17623879688963,94.83696218861306,94.97631451491571
2025-01-09 20:00:00,95.08532438432299,95.3194876920449,94.97140334325704,95.02441461643791
2025-01-09 21:00:00,94.5736584517016,94.58779147055056,94.3818892684544,94.58436241358116
2025-01-09 22:00:00,94.19830919336064,94.35339928649246,93.5436800426693,94.2937990008949
2025-01-09 23:00:00,95.275204789926,95.61063356863735,94.86932429740138,95.26314478918498
2025-01-10 00:00:00,95.74039513535395,96.24563581194879,95.27595779681351,95.79630955949835
2025-01-10 01:00:00,97.05419920689859,97.30528233120442,96.45011307812482,97.10551229707171
2025-01-10 02:00:00,97.03378274675218,97.07708847817887,96.62722790398543,96.9749876693645
2025-01-10 03:00:00,96.19278753492719,96.6171061402192,95.93883684624522,96.32170280779391
2025-01-10 04:00:00,96.22621628706978,96.1532782944658,96.11272818480212,96.12554253698866
2025-01-10 05:00:00,96.24349398892365,96.70434974883102,96.00505382714344,96.37820046614142
2025-01-10 06:00:00,96.50384501759144,97.22857844812796,96.44877756159714,96.5678406615997
2025-01-10 07:00:00,95.72916364934076,95.97442590253283,95.32112514884527,95.54543491890301
2025-01-10 08:00:00,95.75889388298442,95.91588640629362,95.39254594277205,95.65106120368031
2025-01-10 09:00:00,95.89814829633436,96.30912118453767,95.73806609993369,95.88878916767604
2025-01-10 10:00:00,98.26057134657955,98.43645528226963,98.13806152777155,98.35307538576734
2025-01-10 11:00:00,100.18343422107998,100.4672261704823,100.06308332179444,100.23648661756755
2025-01-10 12:00:00,99.4120267091261,99.74475500405954,99.23787989545235,99.40474279532646
2025-01-10 13:00:00,99.14302610466888,99.47227610686237,98.97091169296898,99.13930607745296
2025-01-10 14:00:00,97.70968636256032,97.84984528239437,97.55746165704201,97.71856613950713
2025-01-10 15:00:00,97.15947202098023,97.1794540175431,96.8351949292479,97.16246778413664
2025-01-10 16:00:00,97.46819843817894,97.6495858311175,97.1427788663663,97.4890976741879
2025-01-10 17:00:00,98.54921517536557,98.74709086720394,98.665914165731,98.69152625761691
2025-01-10 18:00:00,97.94358079131078,98.07596525854542,97.89806063875746,97.99419584613473
2025-01-10 19:00:00,97.46379663614513,97.42092577307787,97.1432193819108,97.37473536093343
2025-01-10 20:00:00,95.19473397102232,95.54759309879368,95.3175679148742,95.32517067147201
2025-01-10 21:00:00,95.17122745248066,95.41972669385598,95.02634408963509,95.18927110345774
2025-01-10 22:00:00,94.12493567536062,94.65994457864953,94.02745356607481,94.2021582646968
2025-01-10 23:00:00,93.7339118125427,94.35534112254896,93.28713286727101,93.72347566328291
2025-01-11 00:00:00,92.88771350933908,93.20308483920444,92.56784095473942,92.92382679174206
2025-01-11 01:00:00,92.99202796099345,93.18570288912662,92.57592051975239,92.8548448015215
2025-01-11 02:00:00,91.30144698924813,91.53463016311878,90.79431054984138,91.25521863275684
2025-01-11 03:00:00,89.82623344378013,90.4460669088694,89.80094775297812,89.94422255967727
2025-01-11 04:00:00,91.95995428977531,91.9255729830442,91.61020358676244,91.89826959700298
2025-01-11 05:00:00,90.67058758565335,90.99427541680535,90.72237267805684,90.74088017692125
2025-01-11 06:00:00,89.71724077941694,90.25314217673734,89.65804242949123,89.76903718813655
2025-01-11 07:00:00,91.48024281661837,91.59319221257415,90.9555935783552,91.45154358282393
2025-01-11 08:00:00,94.1197640547878,94.27107927811159,94.11760330970131,94.16606997672497
2025-01-11 09:00:00,93.17101882651173,93.33732372401936,92.65242559509949,93.08790474932697
2025-01-11 10:00:00,92.69244403345057,92.76747772296511,92.49509842697707,92.76429091010961
2025-01-11 11:00:00,93.04266829815793,93.18387729749914,92.67665088350212,93.10029240318613
2025-01-11 12:00:00,94.68046681334201,95.03116381273362,94.51614874892519,94.74265313323619
2025-01-11 13:00:00,93.77796670633286,94.40775180654792,93.74603849149365,93.83104117902221
2025-01-11 14:00:00,93.72280475062567,94.12128040279275,93.41616530661425,93.61989854870968
2025-01-11 15:00:00,94.42868813007058,94.69097355737946,94.19141994858722,94.36934903316812
2025-01-11 16:00:00,94.96158794291838,95.06137456831668,94.57922103493722,94.79948613475881
2025-01-11 17:00:00,94.6766597814569,94.7047542154976,94.45153129225724,94.46245254844929
2025-01-11 18:00:00,94.25774045349063,94.53604959021581,93.86256031221492,94.3549937525993
2025-01-11 19:00:00,93.0917584685858,93.20878683823659,92.9505373645606,93.08520348978895
2025-01-11 20:00:00,92.77308916233672,93.23055288989426,92.60387531377575,92.88233739699365
2025-01-11 21:00:00,92.58172051554865,92.83037722787223,92.62669147578917,92.65376863526765
2025-01-11 22:00:00,92.82918145973208,93.09392305993728,92.66595439308668,92.88770838020018
2025-01-11 23:00:00,92.29411136373457,92.56831851117688,92.26784270751077,92.39178378829669
2025-01-12 00:00:00,92.74937834495452,92.94196739128404,92.83323879321982,92.84704296777858
2025-01-12 01:00:00,93.79732179093217,94.31282349930834,93.77835208553721,93.81085723216637
2025-01-12 02:00:00,93.86123161523507,93.99914844240183,93.73986658594696,93.97557342630128
2025-01-12 03:00:00,94.4050179498801,94.48297322652276,94.13823015091508,94.3255838327981
2025-01-12 04:00:00,94.30798229753813,94.7570435645951,94.21047327752913,94.39461328779616
2025-01-12 05:00:00,94.67883522421154,94.88993272936894,94.24545491703745,94.41357377697184
2025-01-12 06:00:00,93.71120689869355,94.23982401026325,93.32123793527087,93.75352578245483
2025-01-12 07:00:00,94.0763070566056,94.45311612956344,93.66051482753097,94.06953239070657
2025-01-12 08:00:00,93.87509933611592,94.06882511403823,93.8911264690718,93.99685733663445
2025-01-12 09:00:00,96.16809696107751,96.3933022852794,95.89686092243522,96.00430480789997
2025-01-12 10:00:00,97.65544886779946,97.54977300679207,97.36375606093237,97.54624577923984
2025-01-12 11:00:00,97.97201910463374,98.00252597535922,97.93607582697338,97.94293829182837
2025-01-12 12:00:00,97.08693015790854,97.5367782752105,97.04294434405566,97.2178634241551
2025-01-12 13:00:00,96.18188214425557,96.2761500609077,95.69425829902734,96.16162407515472
2025-01-12 14:00:00,97.22420753331217,97.35099288120144,97.22716029603896,97.33336018523707
2025-01-12 15:00:00,97.75169792492821,97.9904105010403,97.54511416140028,97.60895895004545
2025-01-12 16:00:00,98.17774725056204,98.11343362825768,97.74709047251382,98.09836656913089
2025-01-12 17:00:00,96.43028291192559,96.44414340880834,95.79320132671862,96.42108057670539
2025-01-12 18:00:00,97.10179801286374,97.86387042904613,96.75080035822482,97.33895226725366
2025-01-12 19:00:00,97.70566531741936,98.06421235537857,97.56834174782473,97.80184521474588
2025-01-12 20:00:00,96.80771214006157,96.74449905423462,96.72362795189223,96.74117731847672
2025-01-12 21:00:00,96.42215876533844,96.37723022300084,96.23299361799567,96.30535157498747
2025-01-12 22:00:00,96.68609688292122,96.59178435849104,96.1946684741714,96.57897440009175
2025-01-12 23:00:00,96.49512101108778,96.70782174928414,96.64225091188526,96.64898745577084
2025-01-13 00:00:00,96.41535991952149,96.69928784967188,95.80696186644394,96.38629441009698
2025-01-13 01:00:00,96.40365680788098,96.34949828637768,96.06773099338025,96.30585674492008
2025-01-13 02:00:00,95.92337049920765,96.29776929341824,96.03379027770521,96.08270787090743
2025-01-13 03:00:00,96.24789294534708,96.60967730644107,96.12187870100392,96.24865374431025
2025-01-13 04:00:00,97.72170662128406,97.84478497524331,97.57931027152071,97.69495360088736
2025-01-13 05:00:00,95.20976513601465,95.35019974839183,94.63006521541669,95.23840947670237
2025-01-13 06:00:00,94.85609365039409,95.54149224300727,94.95865615948777,95.03210849679019
2025-01-13 07:00:00,95.18802934588106,95.25408774886019,94.97752373303554,95.21904200790607
2025-01-13 08:00:00,95.48914000332528,95.80573374734946,95.06889296466852,95.5204043503693
2025-01-13 09:00:00,95.17075065807475,95.48731104886238,94.99597431399746,95.18484490693662
2025-01-13 10:00:00,93.49331055893678,93.83390993352425,93.22119243615145,93.54602106877125
2025-01-13 11:00:00,93.83053758824799,93.88308267622588,93.60026537864628,93.87212408006606
2025-01-13 12:00:00,95.52302033378585,95.76898681035593,95.51148656025941,95.52681334840837
2025-01-13 13:00:00,94.13319230998876,94.39746180867948,93.50318710755303,94.09156106550654
2025-01-13 14:00:00,94.89795620689809,95.02499126085715,94.75192220037279,94.92685448191618
2025-01-13 15:00:00,94.59566562816339,94.74211137449001,94.42041058179166,94.63443252203275
2025-01-13 16:00:00,94.60406980217219,94.96066008876006,94.52407414191447,94.59533354111964
2025-01-13 17:00:00,93.44344604526839,93.93223964768552,92.9265322455768,93.62328851120424
2025-01-13 18:00:00,93.37386807979073,93.3663691454007,93.05036140478974,93.32934670301229
2025-01-13 19:00:00,94.56944974746169,94.9224947940547,94.21971822981193,94.56950299927675
2025-01-13 20:00:00,95.14492836005743,95.23223237984398,94.34824714492623,95.14115187221506
2025-01-13 21:00:00,96.91603520630646,96.88611295203648,96.72206922234955,96.82301401497759
2025-01-13 22:00:00,97.79799817206926,98.04875932256593,97.64247076344165,97.9893533029787
2025-01-13 23:00:00,98.2459388805062,98.61090767768273,98.20263727805137,98.44024356741673
2025-01-14 00:00:00,100.21950309950861,100.2680812847827,99.98914693212988,100.19207012543734
2025-01-14 01:00:00,100.65228555348118,100.80517646480433,100.5310243318806,100.65300188631386
2025-01-14 02:00:00,101.52743127894935,101.7014218503228,101.33795666371054,101.5101565907978
2025-01-14 03:00:00,101.18301582833983,101.32438177972467,100.67215455205687,101.22979685828226
2025-01-14 04:00:00,101.38475555107294,101.43963151756994,101.25576025665671,101.31744493426626
2025-01-14 05:00:00,100.72727056129762,100.70711110421787,100.519888040332,100.63341592869963
2025-01-14 06:00:00,101.7037396086312,101.737857899184,101.20165271333866,101.65454061087576
2025-01-14 07:00:00,100.4576564073216,100.82734815038125,100.12501339003992,100.48386545904381
2025-01-14 08:00:00,101.07984627037573,101.43958073463207,101.06223772396415,101.293341170597
2025-01-14 09:00:00,101.19841607128048,101.55679715268842,100.95051897722989,101.12063042098112
2025-01-14 10:00:00,102.45745289147933,102.68918569040721,102.32560041498633,102.33243042774205
2025-01-14 11:00:00,103.19079737611041,103.7791634244134,102.64081353092938,103.12432772319622
2025-01-14 12:00:00,104.94766083286288,105.62676349649733,104.96796847323223,105.04005852491456
2025-01-14 13:00:00,105.90294924618854,105.84088274036185,105.52447485184172,105.83164048016036
2025-01-14 14:00:00,104.29144036419953,104.21143654951385,104.11019897392892,104.2017716440776
2025-01-14 15:00:00,104.31521225632797,104.18960561029283,103.65639242764092,104.15285709044069
2025-01-14 16:00:00,102.8696892082287,103.3349319586621,102.92165121739184,102.95989339262744
2025-01-14 17:00:00,102.4249411851586,103.26962179328254,102.2200825912578,102.44814103637432
2025-01-14 18:00:00,104.10666585433096,104.15249367344923,103.44283246992526,104.02892794396801
2025-01-14 19:00:00,104.72121881198431,105.20572607851183,104.3775740672865,104.71520710446379
2025-01-14 20:00:00,103.89046212807428,104.35856182424214,103.73317250465176,104.00667165310978
2025-01-14 21:00:00,103.02095398487327,103.0955929606401,102.89481565076575,102.97825752230085
2025-01-14 22:00:00,103.09224697663105,103.26534324282657,102.90528640719454,103.03262594896314
2025-01-14 23:00:00,101.81608040444374,102.08027755438225,101.23919569303449,101.80712515484798
2025-01-15 00:00:00,101.16858172746055,101.2453721627461,101.00419426861939,101.14637150883826
2025-01-15 01:00:00,101.456490944446,101.9173405051912,101.2824522856706,101.48274512953029
2025-01-15 02:00:00,102.8343141980653,103.24852327703235,101.84748223864531,102.68252079051447
2025-01-15 03:00:00,103.23711422308003,103.43432089588103,103.26390551888551,103.33018291116971
2025-01-15 04:00:00,100.95038232279393,101.58699614573038,100.76792570767452,101.0097074212031
2025-01-15 05:00:00,101.33899450947156,101.34869699520715,101.20782531897801,101.33788126080611
2025-01-15 06:00:00,101.52034241679837,101.96482596290632,101.29760691833663,101.4311890646355
2025-01-15 07:00:00,101.71970453156717,101.90075892722493,101.71127225962194,101.87224529845437
2025-01-15 08:00:00,103.4171151485969,103.59351426049122,103.23207723952427,103.55280004592619
2025-01-15 09:00:00,101.25169410293368,101.56968026444945,100.75537922894362,101.4584388561411
2025-01-15 10:00:00,100.88395598698743,101.84271222060616,100.78174111841638,100.88065767116119
2025-01-15 11:00:00,101.38532356025975,101.75804376289081,101.27585196365756,101.49883029261564
2025-01-15 12:00:00,99.8877151020956,100.1381643578252,99.65156556733554,99.92614171088418
2025-01-15 13:00:00,101.49930795349925,101.72708571740876,101.3990103875025,101.43222289352525
2025-01-15 14:00:00,101.76158122312862,101.93744039932709,101.74965712748303,101.82690753443717
2025-01-15 15:00:00,102.73691342014625,102.86406907659727,102.53989924675543,102.71315771326796
2025-01-15 16:00:00,102.11824507975476,102.42725977043895,101.75292933848613,102.14882209443981
2025-01-15 17:00:00,103.0732927741621,103.01366809485313,102.89509616598725,103.00406226939775
2025-01-15 18:00:00,104.18083192575531,104.21838165908045,103.53376046032493,104.1313561957357
2025-01-15 19:00:00,104.32278030596225,104.39939469669768,104.24901486262783,104.39501473436961
2025-01-15 20:00:00,104.64328344159212,104.76661600563638,104.54281056046743,104.66093469174041
2025-01-15 21:00:00,105.074808997657,105.09907216648756,104.80556690770464,104.96525220867414
2025-01-15 22:00:00,104.12469912345436,104.68857535656932,103.95562580594084,104.08375498167537
2025-01-15 23:00:00,103.80588719860066,104.15897583756201,103.87190384380658,103.95110294527659
2025-01-16 00:00:00,103.88149751478734,104.11927598070002,103.6957713690293,103.81343555144755
2025-01-16 01:00:00,104.1200060958474,104.68406412816003,103.94652854638305,104.23305837817338
2025-01-16 02:00:00,105.45023092173085,105.31994356238141,104.75396267980831,105.30149118913981
2025-01-16 03:00:00,104.3202812669469,104.23981216190718,103.94406001254633,104.21355628485986
2025-01-16 04:00:00,104.1343583672285,104.32077074936602,103.9855992142824,104.10418007744167
2025-01-16 05:00:00,105.69566769323879,105.94251945087645,105.55954502213943,105.67905147548365
2025-01-16 06:00:00,104.89519914494599,105.33958170945134,104.56240919741279,104.91713020936957
2025-01-16 07:00:00,104.14941972194681,104.20586241430483,103.66395278317587,104.07879976347434
2025-01-16 08:00:00,104.27175471878154,104.49345616819764,103.92063259159465,104.31043074935059
2025-01-16 09:00:00,105.24076847076732,105.2306879316183,104.91308997469193,105.2159827553204
2025-01-16 10:00:00,105.34082345112868,105.33710379039177,104.77077366673595,105.24905318461337
2025-01-16 11:00:00,106.61850804960889,107.00100204040673,106.41309266661712,106.67844069564481
2025-01-16 12:00:00,107.55159003126599,107.85174075169009,107.48719443489634,107.61790340203534
2025-01-16 13:00:00,108.41973653045083,108.56990077270638,108.02663055195902,108.54938416785483
2025-01-16 14:00:00,109.05816332139395,109.79403262727995,109.1664185145522,109.17437646972128
2025-01-16 15:00:00,111.56337891812205,112.42445650431831,111.64550493790783,111.76773451988866
2025-01-16 16:00:00,111.64239538511721,111.5650980308412,111.37486607473096,111.56097497385065
2025-01-16 17:00:00,109.5677807113706,109.44244138348975,109.31177864161751,109.36993983673322
2025-01-16 18:00:00,111.31933212002157,111.19538010029716,111.06377065269189,111.16089128429212
2025-01-16 19:00:00,110.49543640075984,110.68469486744978,110.18612635006312,110.67540395840909
2025-01-16 20:00:00,110.8973529308447,110.892014303626,110.40943039380227,110.81702669135952
2025-01-16 21:00:00,112.45993624707563,112.6194971891221,111.33432055089797,112.30023337209927
2025-01-16 22:00:00,110.48684124316708,110.90579152803538,110.43206936500822,110.53733580140543
2025-01-16 23:00:00,109.19533193934316,109.56813801459133,109.13032357758976,109.18425547715758
2025-01-17 00:00:00,107.25553676906475,107.82383060095997,106.90642662149398,107.47132770111656
2025-01-17 01:00:00,106.67101059583878,106.73499761018184,106.61243339788761,106.64256516666302
2025-01-17 02:00:00,107.01991839715453,107.53398971877935,106.73250893077127,107.13386165807289
2025-01-17 03:00:00,107.73996470024791,107.85784998398373,107.36733007287556,107.71846032349184
2025-01-17 04:00:00,107.86940618344534,108.84891205293563,107.92904321260983,108.03807554269025
2025-01-17 05:00:00,106.60162637379085,107.08843776605389,106.25106229431162,106.54378820209836
2025-01-17 06:00:00,104.23823611906302,104.39178824461594,103.92165029855421,104.13155202410248
2025-01-17 07:00:00,104.12739196283489,104.38336747757297,103.74713319017425,104.20900635802384
2025-01-17 08:00:00,103.62133337740022,103.86637472655296,103.57042323608059,103.73927690389144
2025-01-17 09:00:00,104.01304310376288,104.24984699609158,104.09324214978388,104.2377821640128
2025-01-17 10:00:00,104.96508211632542,105.09124728455758,104.40365897445349,104.99305368681146
2025-01-17 11:00:00,105.09816769390207,105.49037126502515,104.57180753275965,105.15932772103776
2025-01-17 12:00:00,105.81853724074446,106.19785766684541,105.79130620933466,105.98291880518862
2025-01-17 13:00:00,106.29550172870206,106.52222672248902,106.18919929268496,106.24736967742936
2025-01-17 14:00:00,106.7853374095363,106.98688899870781,106.64894649191908,106.8334092795057
2025-01-17 15:00:00,105.9903074701494,106.59326320179159,105.65568350387504,106.10444784006314
2025-01-17 16:00:00,105.87647935935446,106.05907435274274,105.55941312201459,105.93522811365152
2025-01-17 17:00:00,106.2788546251931,106.1977821638505,106.0619318036769,106.1651194508494
2025-01-17 18:00:00,107.12577942966618,107.10858438210948,106.99568446111,107.06122825990447
2025-01-17 19:00:00,106.64797434918187,107.17006853970864,106.50452048627207,106.66184316856125
2025-01-17 20:00:00,107.3070200296666,107.44080456875471,107.05381855823734,107.24062681941938
2025-01-17 21:00:00,106.85312031610334,107.63852703401116,106.75436957280377,106.977311556151
2025-01-17 22:00:00,106.87647393325403,106.9452920585993,106.79096583354975,106.87301444301151
2025-01-17 23:00:00,107.80066752104382,108.19771725679367,107.57404280826093,107.78478841482357
2025-01-18 00:00:00,105.62932045605694,105.70113938381054,105.67618405418249,105.67897229542196
2025-01-18 01:00:00,104.38401761534809,104.67546420573503,104.17794288733589,104.33858250983221
2025-01-18 02:00:00,102.74381121482753,103.0559543119951,102.69485536675542,102.82405855006232
2025-01-18 03:00:00,100.52363639158406,100.59208615628151,99.80033385611148,100.47241347463445
2025-01-18 04:00:00,99.86829412773528,99.97957462882663,99.34371082152225,99.81321133154727
2025-01-18 05:00:00,100.29075011588552,100.77191088749683,100.20367921871284,100.58417022189002
2025-01-18 06:00:00,100.4375005338131,100.61525513611251,99.90641374378065,100.31809133752878
2025-01-18 07:00:00,100.23041301753858,100.88592870120662,100.27979229093586,100.53681228066189
2025-01-18 08:00:00,101.59556553533359,102.09622748450069,100.97832019149756,101.65819196543369
2025-01-18 09:00:00,103.14314810483113,103.20114710789048,102.72978032144657,103.03749880797355
2025-01-18 10:00:00,102.95420437628336,103.40812655695278,102.68683701516774,102.98688074641935
2025-01-18 11:00:00,104.25816779194231,105.00038367690293,104.40247661405841,104.41125410912917
2025-01-18 12:00:00,104.41406604185771,104.62808340046006,104.46027371540652,104.52839261886663
2025-01-18 13:00:00,103.78392885978496,103.94712859165065,103.61232895137087,103.67746187841809
2025-01-18 14:00:00,102.88556955595674,103.12051595644323,102.96287329497726,103.08364524732494
2025-01-18 15:00:00,101.70370545946984,101.76317125394117,101.16197697907505,101.58901236855023
2025-01-18 16:00:00,100.70535148502586,100.76110258490674,100.65611991239759,100.71090086706008
2025-01-18 17:00:00,100.25137392696392,100.93780354571076,100.0966082287796,100.37105590533703
2025-01-18 18:00:00,101.14209840279987,101.25263779105761,100.9508114933338,101.20111029554697
2025-01-18 19:00:00,102.87345949365145,103.10604621511997,102.69363606794562,102.9782114369282
2025-01-18 20:00:00,101.67296750676377,101.65575726411186,101.38546133426378,101.5849720439508
2025-01-18 21:00:00,102.07992099546715,102.02837899266672,101.77707522673393,102.00520954325698
2025-01-18 22:00:00,100.79591267487075,100.97131801081868,100.88742907739163,100.9694955072539
2025-01-18 23:00:00,101.42927360708713,101.60670082378508,101.18743196788986,101.47022619064205
2025-01-19 00:00:00,101.27007849986751,101.71190711658429,101.09357497371776,101.35756890011216
2025-01-19 01:00:00,99.6673525793952,100.03053627875721,99.05022325159705,99.53859841010525
2025-01-19 02:00:00,100.35134229173171,100.58034810346724,100.41557894263993,100.487009714931
2025-01-19 03:00:00,100.06113999932892,100.07756485755775,99.87586628663264,99.90087610629567
2025-01-19 04:00:00,99.38549304312635,99.73195130248021,99.25761261464064,99.38880216740542
2025-01-19 05:00:00,98.23664561099714,98.37685120841394,97.47885941462054,98.35092293225136
2025-01-19 06:00:00,97.66288432463791,98.00475455853238,97.3633761605029,97.7290737032843
2025-01-19 07:00:00,98.08908146081016,98.4228052408011,97.83768330120134,98.16777459848463
2025-01-19 08:00:00,97.876856848573,98.06398609640009,97.80636813363238,98.00177171022497
2025-01-19 09:00:00,98.353388681528,98.60557777312692,98.23767687083942,98.34406302285844
2025-01-19 10:00:00,98.59915836185462,98.8657246759911,98.30851167327864,98.7203786499691
2025-01-19 11:00:00,99.83464482698706,100.4130785573196,99.6209570428796,100.05279656370432
2025-01-19 12:00:00,99.69249539064695,99.8169343412721,99.68726887057184,99.73036066201952
2025-01-19 13:00:00,98.11076439273859,98.39284604581712,98.20244101701815,98.28796345668977
2025-01-19 14:00:00,99.28766590425964,99.4625123974704,98.66911721228381,99.36240241511346
2025-01-19 15:00:00,98.96333209970919,99.92423766621421,98.60275625439246,99.05338181524336
2025-01-19 16:00:00,100.09635216133239,100.29871040636213,100.0914951794391,100.18363375321213
2025-01-19 17:00:00,100.78984177194074,101.68953362146262,100.40955425312609,100.58856775941234
2025-01-19 18:00:00,100.48250626367752,100.99634266959865,100.3787090074146,100.47683820776999
2025-01-19 19:00:00,100.87280181691247,100.98473658385323,100.69378988519267,100.84805662750256
2025-01-19 20:00:00,102.67279067131484,103.0028525721963,102.8230343678621,102.85550301163413
2025-01-19 21:00:00,104.96644714759968,105.40142385037089,104.91059268657399,105.03513625444663
2025-01-19 22:00:00,105.15169438330338,105.35364767471722,104.66632966382204,105.12905982024081
2025-01-19 23:00:00,105.2107612537793,105.75169390399827,105.28257796996557,105.31866326936812
2025-01-20 00:00:00,106.57625036522305,106.63417817962943,105.7449825269518,106.47956023298133
2025-01-20 01:00:00,105.47700987596973,106.31460367066288,105.57527113123565,105.60401946964329
2025-01-20 02:00:00,105.94718659577936,105.97814535687951,105.40992404527263,105.97753497295808
2025-01-20 03:00:00,105.90921718638948,106.1010422524363,105.85772501870646,105.97132185335202
2025-01-20 04:00:00,106.34323173792592,106.84150641769398,106.01859767386274,106.32576021889746
2025-01-20 05:00:00,105.39689829528275,105.50590333380826,105.23518511465718,105.46444722666514
2025-01-20 06:00:00,103.79390992320931,104.13423082523147,103.55611759197313,103.82203465074574
2025-01-20 07:00:00,101.68829832748105,101.74579756552603,101.57204239428425,101.7123156659142
2025-01-20 08:00:00,100.5283618384539,100.61299045379685,100.30389087376491,100.60224289400136
2025-01-20 09:00:00,100.21048019895036,100.57197759821874,100.14979577689797,100.16189227914869
2025-01-20 10:00:00,99.91244413723139,99.96529599538796,99.50314363783818,99.88863184862026
2025-01-20 11:00:00,101.85391467488755,102.0897467607611,101.44726139822768,101.86294115197812
2025-01-20 12:00:00,102.97204855886366,103.30206482910978,102.5753374909762,103.01639282363779
2025-01-20 13:00:00,102.13172942256548,102.06103822352715,101.5092818999455,102.0504417523757
2025-01-20 14:00:00,102.4022249603326,102.51327784345983,102.39273804105667,102.42638060834999
2025-01-20 15:00:00,101.99938418480001,102.06317815933355,101.68630973862066,102.03067671662404
2025-01-20 16:00:00,101.77195412052994,101.82941628735685,101.75720510313215,101.76130072691538
2025-01-20 17:00:00,102.14345915132,102.15914790946306,101.27897085081598,101.9704574311858
2025-01-20 18:00:00,102.48675740527152,102.93209487160145,102.56558055483502,102.62431053699368
2025-01-20 19:00:00,102.37595036872067,102.61685065024966,102.24723452442817,102.29719616711117
2025-01-20 20:00:00,103.2161996920397,103.75468744563292,102.76172214420967,103.41197626322787
2025-01-20 21:00:00,102.2804599374833,102.38473649724499,101.8112288824636,102.25824196629638
2025-01-20 22:00:00,102.44628700534695,102.71994521855859,102.16529778981338,102.28517937579326
2025-01-20 23:00:00,105.04933266834175,105.13782181094295,104.46068995994905,104.99802343915574
2025-01-21 00:00:00,105.27152171812456,105.39987678966713,105.11147734984506,105.25356282070169
2025-01-21 01:00:00,106.7344379874075,107.28470574185735,106.61381493041411,106.79429079095249
2025-01-21 02:00:00,106.91677377116407,106.98705845648104,106.8767025537594,106.91345440771016
2025-01-21 03:00:00,107.53058795711837,107.79505212870488,107.45123534990583,107.55769925361054
2025-01-21 04:00:00,107.43363662579615,107.63890337998691,107.2673219725239,107.5181433714143
2025-01-21 05:00:00,107.32542944198816,107.56009154215671,107.09583851368437,107.35654948784621
2025-01-21 06:00:00,106.5654201832511,106.99313434054675,106.26362743728713,106.54428380457183
2025-01-21 07:00:00,106.94302448078268,107.1314248446992,106.58429848807916,107.02513599187746
2025-01-21 08:00:00,106.05329425497445,106.23523125784934,106.0343142792067,106.13887209801504
2025-01-21 09:00:00,106.72367673605008,107.02383062181259,106.81173902476054,106.86904465272069
2025-01-21 10:00:00,108.09902680915559,108.33901468730004,107.8570223221066,108.05680631069077
2025-01-21 11:00:00,108.53444216334509,108.95668225143407,108.46790569008706,108.47528806541445
2025-01-21 12:00:00,108.21192074125034,108.76923990120223,107.98480613611459,108.1868581256364
2025-01-21 13:00:00,108.80575853648428,109.12960586438767,108.35135917438087,108.70084368962034
2025-01-21 14:00:00,108.397029874948,108.42318756374543,108.2725238609828,108.38750612089608
2025-01-21 15:00:00,109.47106092652585,109.54395644884558,109.0657415414548,109.42816388942533
2025-01-21 16:00:00,107.49647183230452,107.71103744768503,107.35975315576927,107.46382030179484
2025-01-21 17:00:00,107.11538497503204,107.16413485008626,106.75558183168492,107.12519121711624
2025-01-21 18:00:00,104.97886867522946,105.07582764768422,104.81027663068826,105.0346233460109
2025-01-21 19:00:00,103.72582694325114,103.75243663867569,103.12983207578318,103.49666952170391
